NOMBRE,RFC
Paris Eduardo Méndez Meneses,aaaa121212bb7
Emmanuel Ruiz Velasquez,aaaa121212bb7
Rodrigo Velez Rabago,aaaa121212bb7
Cesar Aguilar,aaaa121212bb7
Banorte S.A. De C.V.,g54yth6y69123l
Gestell.co,g54yth6y69123l
Juan Perez Lopez,aaaa121212bb7
AERO-CARIBBEAN,
"ZAYDAN, Muhammad",
"LLENARES REYES, Jose Ricardo",
"MAFLA, Carlos Obeimar",
"GUZMAN FERNANDEZ, Joaquin",
"CAVIEDES CRUZ, Leonardo",
"COMERCIAL DE RODAJES Y MAQUINARIA, S.A.",
LA EMPRESA CUBANA DE FLETES,
AL QA'IDA,
"ECHEVERRY HERRERA, Hernando",
"DARKAZANLI, Mamoun",